"weight";"word";"color";"url"
"12";"abate";"";""
"25";"abatements";"";""
"5";"abhorred";"";""
"25";"ability";"";""
"25";"abridgment";"";""
"12";"absent";"";""
"10";"absolute";"";""
"25";"abstract";"";""
"25";"absurd";"";""
"5";"abuse";"";""
"12";"abuses";"";""
"10";"accent";"";""
"25";"accepts";"";""
"12";"access";"";""
"25";"accidental";"";""
"25";"accord";"";""
"12";"account";"";""
"25";"accounted";"";""
"12";"accuse";"";""
"25";"ache";"";""
"5";"acquaint";"";""
"25";"acquire";"";""
"25";"acquittance";"";""
"25";"acres";"";""
"12";"acting";"";""
"0";"action";"";""
"25";"actions";"";""
"25";"actively";"";""
"51";"actor";"";""
"51";"actors";"";""
"12";"acts";"";""
"12";"adam";"";""
"25";"adders";"";""
"25";"addicted";"";""
"5";"addition";"";""
"12";"address";"";""
"25";"admiration";"";""
"51";"admit";"";""
"25";"admittance";"";""
"25";"adoption";"";""
"25";"adulterate";"";""
"25";"advancement";"";""
"25";"adventurous";"";""
"25";"advice";"";""
"5";"advise";"";""
"25";"aerie";"";""
"25";"afar";"";""
"25";"afeard";"";""
"25";"affair";"";""
"12";"affairs";"";""
"0";"affection";"";""
"12";"affections";"";""
"12";"afflict";"";""
"10";"affliction";"";""
"25";"afflicts";"";""
"25";"affront";"";""
"12";"afraid";"";""
"0";"age";"";""
"12";"aim";"";""
"25";"aimed";"";""
"0";"air";"";""
"25";"airs";"";""
"12";"airy";"";""
"5";"alack";"";""
"12";"alarm";"";""
"127";"alexander";"";""
"25";"alleys";"";""
"25";"allowance";"";""
"12";"allowed";"";""
"10";"aloof";"";""
"12";"altitude";"";""
"25";"amaze";"";""
"12";"amazed";"";""
"51";"amazement";"";""
"51";"ambassador";"";""
"127";"ambassadors";"";""
"25";"amber";"";""
"25";"ambiguous";"";""
"21";"ambition";"";""
"51";"ambitious";"";""
"0";"ancient";"";""
"38";"angel";"";""
"25";"angels";"";""
"25";"angle";"";""
"12";"angry";"";""
"25";"annual";"";""
"25";"anoint";"";""
"21";"anon";"";""
"0";"answer";"";""
"25";"answerest";"";""
"12";"antic";"";""
"25";"anticipation";"";""
"25";"antique";"";""
"25";"antiquity";"";""
"12";"ape";"";""
"25";"apiece";"";""
"25";"appall";"";""
"25";"apparel";"";""
"51";"apparition";"";""
"76";"appeared";"";""
"25";"appeareth";"";""
"5";"appears";"";""
"12";"appetite";"";""
"25";"applaud";"";""
"25";"apple";"";""
"25";"appliance";"";""
"25";"appointment";"";""
"51";"apprehension";"";""
"10";"approve";"";""
"25";"appurtenance";"";""
"25";"aptly";"";""
"25";"ardor";"";""
"5";"argues";"";""
"10";"argument";"";""
"25";"aright";"";""
"25";"arithmetic";"";""
"0";"arm";"";""
"51";"armed";"";""
"51";"armor";"";""
"0";"arms";"";""
"38";"army";"";""
"25";"aroused";"";""
"12";"arraign";"";""
"25";"arrant";"";""
"76";"arras";"";""
"25";"arrests";"";""
"25";"arrow";"";""
"25";"arrows";"";""
"0";"art";"";""
"12";"article";"";""
"25";"articles";"";""
"25";"artless";"";""
"25";"arture";"";""
"25";"ases";"";""
"25";"ashamed";"";""
"25";"askant";"";""
"25";"asked";"";""
"15";"ass";"";""
"25";"assail";"";""
"25";"assay";"";""
"12";"assays";"";""
"12";"assistant";"";""
"25";"associates";"";""
"51";"assume";"";""
"25";"assurance";"";""
"0";"assure";"";""
"5";"assured";"";""
"0";"attend";"";""
"12";"attendant";"";""
"5";"attends";"";""
"25";"attent";"";""
"102";"audience";"";""
"25";"audit";"";""
"0";"aught";"";""
"12";"auspicious";"";""
"51";"author";"";""
"25";"avoid";"";""
"12";"avouch";"";""
"0";"awake";"";""
"51";"awe";"";""
"76";"awhile";"";""
"25";"awry";"";""
"51";"baby";"";""
"25";"backed";"";""
"0";"bad";"";""
"5";"bade";"";""
"12";"bait";"";""
"51";"baked";"";""
"25";"ban";"";""
"12";"bank";"";""
"12";"bar";"";""
"25";"barbara";"";""
"25";"barbary";"";""
"0";"bare";"";""
"25";"barefaced";"";""
"5";"barefoot";"";""
"0";"bark";"";""
"25";"barked";"";""
"586";"barnardo";"";""
"25";"barred";"";""
"25";"barren";"";""
"15";"base";"";""
"12";"baseness";"";""
"51";"baser";"";""
"51";"basket";"";""
"25";"batten";"";""
"12";"battlements";"";""
"5";"bawd";"";""
"12";"bawds";"";""
"5";"bawdy";"";""
"0";"bear";"";""
"0";"beard";"";""
"51";"bearers";"";""
"0";"bears";"";""
"0";"beast";"";""
"25";"beasts";"";""
"0";"beaten";"";""
"51";"beating";"";""
"5";"beats";"";""
"12";"beauteous";"";""
"25";"beautied";"";""
"12";"beauties";"";""
"25";"beautified";"";""
"21";"beauty";"";""
"25";"beaver";"";""
"25";"beck";"";""
"12";"beckons";"";""
"0";"bed";"";""
"25";"bedded";"";""
"25";"beer";"";""
"25";"beetles";"";""
"25";"befitted";"";""
"0";"beg";"";""
"12";"beget";"";""
"0";"beggar";"";""
"5";"beggars";"";""
"5";"beguile";"";""
"51";"begun";"";""
"12";"behavior";"";""
"25";"behooves";"";""
"12";"belief";"";""
"25";"believed";"";""
"51";"belike";"";""
"10";"bell";"";""
"25";"bellow";"";""
"12";"bellowed";"";""
"12";"bells";"";""
"38";"bend";"";""
"25";"bended";"";""
"5";"benefit";"";""
"25";"benetted";"";""
"10";"bent";"";""
"25";"berattle";"";""
"0";"beseech";"";""
"25";"beseeched";"";""
"5";"beshrew";"";""
"25";"besmirch";"";""
"25";"bestial";"";""
"21";"bestow";"";""
"25";"bet";"";""
"25";"beteem";"";""
"25";"betoken";"";""
"25";"beware";"";""
"25";"bewept";"";""
"0";"bid";"";""
"25";"bird";"";""
"5";"birds";"";""
"10";"birth";"";""
"25";"bisson";"";""
"12";"bites";"";""
"0";"bitter";"";""
"0";"black";"";""
"12";"blackest";"";""
"10";"blame";"";""
"10";"blank";"";""
"25";"blanks";"";""
"10";"blast";"";""
"25";"blasted";"";""
"25";"blasting";"";""
"25";"blastments";"";""
"12";"blasts";"";""
"12";"blazon";"";""
"5";"bleed";"";""
"12";"bleeding";"";""
"0";"bless";"";""
"5";"blessed";"";""
"21";"blessing";"";""
"25";"blister";"";""
"25";"bloat";"";""
"0";"blood";"";""
"25";"bloodily";"";""
"0";"bloody";"";""
"25";"blossoms";"";""
"10";"blow";"";""
"5";"blown";"";""
"10";"blows";"";""
"12";"blue";"";""
"25";"blunted";"";""
"25";"blurs";"";""
"12";"blush";"";""
"12";"board";"";""
"12";"boarded";"";""
"12";"bodes";"";""
"15";"bodies";"";""
"25";"bodiless";"";""
"0";"body";"";""
"0";"bold";"";""
"25";"bonds";"";""
"12";"bones";"";""
"25";"bonnet";"";""
"25";"bonny";"";""
"5";"book";"";""
"26";"bore";"";""
"0";"born";"";""
"0";"borne";"";""
"12";"borrowed";"";""
"25";"borrower";"";""
"25";"borrowing";"";""
"0";"bosom";"";""
"25";"botch";"";""
"25";"boughs";"";""
"5";"bought";"";""
"0";"bound";"";""
"25";"bounded";"";""
"25";"bourn";"";""
"12";"bout";"";""
"25";"bouts";"";""
"10";"bow";"";""
"25";"bowl";"";""
"12";"boys";"";""
"0";"brain";"";""
"25";"brainish";"";""
"10";"brains";"";""
"25";"brands";"";""
"0";"brave";"";""
"12";"bravery";"";""
"25";"bray";"";""
"25";"brazed";"";""
"25";"brazen";"";""
"12";"breach";"";""
"25";"breadth";"";""
"0";"break";"";""
"12";"breaking";"";""
"10";"breaks";"";""
"0";"breath";"";""
"15";"breathe";"";""
"12";"breathes";"";""
"51";"breathing";"";""
"10";"breed";"";""
"25";"breeder";"";""
"5";"breeding";"";""
"25";"brevity";"";""
"0";"bring";"";""
"5";"bringing";"";""
"12";"brings";"";""
"25";"broad";"";""
"0";"broken";"";""
"25";"brooch";"";""
"25";"brook";"";""
"0";"brother";"";""
"5";"brothers";"";""
"0";"brought";"";""
"0";"brow";"";""
"25";"bruit";"";""
"25";"brute";"";""
"25";"brutus";"";""
"25";"bubbles";"";""
"25";"buffets";"";""
"25";"bugs";"";""
"5";"build";"";""
"51";"builds";"";""
"25";"built";"";""
"25";"bulk";"";""
"25";"bulwark";"";""
"63";"buried";"";""
"0";"burn";"";""
"0";"burning";"";""
"12";"burnt";"";""
"38";"burst";"";""
"0";"business";"";""
"5";"busy";"";""
"25";"buttons";"";""
"25";"buyer";"";""
"12";"buys";"";""
"25";"buzzers";"";""
"25";"calamity";"";""
"25";"calendar";"";""
"25";"calf";"";""
"25";"called";"";""
"0";"calls";"";""
"25";"calm";"";""
"25";"calumnious";"";""
"25";"calves";"";""
"25";"camel";"";""
"25";"candied";"";""
"25";"canker";"";""
"102";"cannon";"";""
"25";"cannoneer";"";""
"25";"cannons";"";""
"25";"canon";"";""
"25";"canonized";"";""
"0";"canst";"";""
"12";"cap";"";""
"25";"capability";"";""
"12";"capable";"";""
"25";"capital";"";""
"25";"capons";"";""
"47";"captain";"";""
"12";"captains";"";""
"25";"card";"";""
"12";"carefully";"";""
"25";"careless";"";""
"25";"carouses";"";""
"12";"carp";"";""
"25";"carriage";"";""
"5";"carried";"";""
"12";"carries";"";""
"15";"carry";"";""
"25";"carrying";"";""
"12";"cart";"";""
"12";"carve";"";""
"0";"case";"";""
"0";"cast";"";""
"25";"casual";"";""
"5";"cat";"";""
"25";"cataplasm";"";""
"0";"catch";"";""
"25";"caught";"";""
"25";"cautel";"";""
"25";"caviary";"";""
"5";"cease";"";""
"25";"celestial";"";""
"12";"cell";"";""
"15";"censure";"";""
"51";"ceremony";"";""
"25";"certainty";"";""
"25";"cess";"";""
"25";"chalice";"";""
"25";"challenger";"";""
"0";"chamber";"";""
"0";"chance";"";""
"25";"chances";"";""
"0";"change";"";""
"12";"changed";"";""
"25";"changeling";"";""
"25";"chanson";"";""
"25";"chanted";"";""
"12";"chapless";"";""
"25";"characters";"";""
"0";"charge";"";""
"25";"chariest";"";""
"25";"charitable";"";""
"38";"chaste";"";""
"25";"checking";"";""
"5";"cheek";"";""
"38";"cheer";"";""
"51";"cheerfully";"";""
"25";"cherub";"";""
"38";"chief";"";""
"25";"chiefest";"";""
"12";"chiefly";"";""
"0";"child";"";""
"5";"children";"";""
"31";"choice";"";""
"0";"choose";"";""
"15";"christian";"";""
"25";"christians";"";""
"25";"chronicles";"";""
"25";"churchyards";"";""
"25";"churlish";"";""
"25";"cicatrice";"";""
"25";"circumscribed";"";""
"15";"circumstance";"";""
"25";"circumstances";"";""
"25";"circumvent";"";""
"25";"clad";"";""
"25";"claim";"";""
"25";"clamor";"";""
"25";"clapped";"";""
"51";"claudius";"";""
"25";"clawed";"";""
"51";"clay";"";""
"5";"clear";"";""
"25";"cleave";"";""
"12";"cleft";"";""
"25";"clepe";"";""
"12";"cliff";"";""
"25";"climatures";"";""
"0";"close";"";""
"12";"closely";"";""
"51";"closes";"";""
"25";"closet";"";""
"12";"clothe";"";""
"25";"clothes";"";""
"25";"cloud";"";""
"25";"clouds";"";""
"12";"clout";"";""
"25";"clown";"";""
"25";"clowns";"";""
"25";"coagulate";"";""
"38";"cock";"";""
"25";"cockle";"";""
"25";"coinage";"";""
"10";"cold";"";""
"25";"coldly";"";""
"25";"collateral";"";""
"25";"colleagued";"";""
"25";"collected";"";""
"76";"color";"";""
"25";"comart";"";""
"25";"combination";"";""
"25";"combined";"";""
"0";"comfort";"";""
"0";"coming";"";""
"25";"comma";"";""
"26";"command";"";""
"76";"commandment";"";""
"5";"commands";"";""
"25";"commeddled";"";""
"25";"commencement";"";""
"0";"commend";"";""
"25";"commendable";"";""
"25";"commended";"";""
"25";"comment";"";""
"25";"commerce";"";""
"0";"commission";"";""
"0";"common";"";""
"25";"commune";"";""
"25";"commutual";"";""
"25";"companies";"";""
"12";"companion";"";""
"12";"companions";"";""
"12";"compare";"";""
"25";"compelled";"";""
"25";"competent";"";""
"5";"complete";"";""
"25";"complexion";"";""
"12";"comply";"";""
"25";"composed";"";""
"25";"compost";"";""
"25";"compound";"";""
"12";"compounded";"";""
"12";"compulsive";"";""
"25";"concealed";"";""
"15";"conceit";"";""
"12";"conception";"";""
"25";"concernings";"";""
"12";"concluded";"";""
"25";"condole";"";""
"25";"condolement";"";""
"25";"confederate";"";""
"25";"conference";"";""
"0";"confess";"";""
"38";"confession";"";""
"25";"confidant";"";""
"12";"confine";"";""
"12";"confined";"";""
"51";"confound";"";""
"25";"confront";"";""
"25";"congregation";"";""
"25";"congruing";"";""
"25";"conjectures";"";""
"12";"conjunctive";"";""
"12";"conjuration";"";""
"12";"conjure";"";""
"25";"conjures";"";""
"25";"conquest";"";""
"63";"conscience";"";""
"10";"consent";"";""
"25";"considered";"";""
"25";"consonancy";"";""
"12";"constant";"";""
"25";"consummation";"";""
"25";"contagion";"";""
"25";"contagious";"";""
"25";"contend";"";""
"0";"content";"";""
"25";"continent";"";""
"25";"continual";"";""
"12";"contracted";"";""
"25";"contraction";"";""
"12";"contrary";"";""
"51";"contrive";"";""
"12";"convenience";"";""
"12";"conversation";"";""
"25";"convert";"";""
"25";"converted";"";""
"10";"convey";"";""
"12";"conveyance";"";""
"25";"conveyances";"";""
"25";"convocation";"";""
"5";"cool";"";""
"25";"coped";"";""
"25";"copied";"";""
"102";"cornelius";"";""
"12";"corner";"";""
"12";"coronet";"";""
"25";"corpse";"";""
"5";"corrupted";"";""
"12";"corruption";"";""
"25";"corse";"";""
"25";"corses";"";""
"10";"cost";"";""
"25";"costly";"";""
"51";"coted";"";""
"10";"couch";"";""
"25";"couched";"";""
"25";"councillor";"";""
"0";"counsel";"";""
"25";"counselor";"";""
"38";"count";"";""
"38";"countenance";"";""
"5";"counterfeit";"";""
"25";"countries";"";""
"0";"country";"";""
"12";"couple";"";""
"25";"couplets";"";""
"12";"courses";"";""
"21";"court";"";""
"12";"courteous";"";""
"12";"courtesy";"";""
"25";"courtiers";"";""
"15";"cousin";"";""
"12";"cowards";"";""
"25";"cozened";"";""
"5";"crack";"";""
"25";"cracked";"";""
"25";"cracks";"";""
"12";"craft";"";""
"25";"crafts";"";""
"25";"crafty";"";""
"25";"crash";"";""
"25";"craven";"";""
"5";"craves";"";""
"25";"crawling";"";""
"25";"created";"";""
"12";"creation";"";""
"0";"creature";"";""
"15";"creatures";"";""
"25";"credent";"";""
"25";"creep";"";""
"25";"crew";"";""
"25";"crib";"";""
"10";"cried";"";""
"0";"cries";"";""
"38";"crimes";"";""
"25";"criminal";"";""
"25";"croaking";"";""
"25";"crook";"";""
"5";"cross";"";""
"25";"crowing";"";""
"5";"crown";"";""
"25";"crowner";"";""
"12";"crowns";"";""
"0";"cruel";"";""
"12";"crust";"";""
"25";"cudgel";"";""
"5";"cue";"";""
"25";"cuffs";"";""
"0";"cunning";"";""
"0";"cup";"";""
"25";"curb";"";""
"0";"cure";"";""
"25";"curiously";"";""
"51";"currents";"";""
"0";"curse";"";""
"21";"cursed";"";""
"37";"custom";"";""
"25";"customary";"";""
"0";"cut";"";""
"25";"cutpurse";"";""
"51";"daggers";"";""
"12";"daily";"";""
"25";"daintier";"";""
"25";"dalliance";"";""
"12";"damn";"";""
"25";"damnable";"";""
"0";"damned";"";""
"25";"damon";"";""
"12";"dane";"";""
"15";"danger";"";""
"0";"dangerous";"";""
"153";"danish";"";""
"25";"danskers";"";""
"25";"dared";"";""
"0";"dark";"";""
"25";"darkest";"";""
"0";"daughter";"";""
"12";"dawning";"";""
"0";"day";"";""
"0";"days";"";""
"0";"dead";"";""
"5";"deal";"";""
"12";"dealt";"";""
"0";"dear";"";""
"0";"dearest";"";""
"12";"dearly";"";""
"25";"dearth";"";""
"0";"death";"";""
"25";"deaths";"";""
"25";"debate";"";""
"25";"debatement";"";""
"25";"decayer";"";""
"12";"decline";"";""
"25";"declines";"";""
"25";"declining";"";""
"31";"deed";"";""
"0";"deeds";"";""
"21";"deep";"";""
"25";"deeply";"";""
"25";"deer";"";""
"25";"defeat";"";""
"25";"defeated";"";""
"25";"defeats";"";""
"12";"defective";"";""
"15";"defend";"";""
"25";"define";"";""
"25";"definement";"";""
"5";"defy";"";""
"25";"deject";"";""
"12";"dejected";"";""
"5";"delay";"";""
"25";"delays";"";""
"25";"deliberate";"";""
"10";"delicate";"";""
"15";"delight";"";""
"25";"delights";"";""
"0";"deliver";"";""
"5";"delivered";"";""
"25";"delve";"";""
"10";"demand";"";""
"12";"demanded";"";""
"51";"demands";"";""
"25";"demonstrated";"";""
"12";"denied";"";""
"12";"denies";"";""
"255";"denmark";"";""
"5";"denote";"";""
"0";"deny";"";""
"12";"departed";"";""
"25";"depends";"";""
"12";"deprive";"";""
"25";"deprived";"";""
"12";"desert";"";""
"25";"deserved";"";""
"0";"desire";"";""
"25";"desires";"";""
"25";"desirous";"";""
"25";"desk";"";""
"0";"desperate";"";""
"25";"desperation";"";""
"5";"despised";"";""
"25";"determination";"";""
"5";"determine";"";""
"25";"devices";"";""
"31";"devil";"";""
"0";"devise";"";""
"25";"devised";"";""
"25";"devoutly";"";""
"10";"dew";"";""
"25";"dews";"";""
"12";"dexterity";"";""
"51";"diadem";"";""
"25";"diction";"";""
"0";"didst";"";""
"0";"die";"";""
"25";"died";"";""
"0";"dies";"";""
"12";"diet";"";""
"51";"dig";"";""
"25";"digested";"";""
"25";"dignity";"";""
"76";"digs";"";""
"25";"dilated";"";""
"25";"dild";"";""
"12";"diligence";"";""
"25";"dip";"";""
"25";"dipping";"";""
"5";"dire";"";""
"21";"direct";"";""
"25";"directions";"";""
"25";"dirge";"";""
"25";"dirty";"";""
"12";"disasters";"";""
"25";"disclaiming";"";""
"12";"disclose";"";""
"25";"discomfort";"";""
"25";"discord";"";""
"51";"discourse";"";""
"25";"discretion";"";""
"12";"diseases";"";""
"25";"dishes";"";""
"51";"dishonor";"";""
"25";"disjoint";"";""
"12";"dislike";"";""
"25";"dismantled";"";""
"5";"dispatch";"";""
"0";"disposition";"";""
"25";"distant";"";""
"25";"distemper";"";""
"12";"distilled";"";""
"51";"distracted";"";""
"25";"distraction";"";""
"25";"distress";"";""
"25";"distrust";"";""
"51";"divide";"";""
"5";"divided";"";""
"5";"divine";"";""
"38";"divinity";"";""
"102";"doctor";"";""
"25";"document";"";""
"0";"dog";"";""
"25";"dominions";"";""
"25";"donned";"";""
"25";"doomed";"";""
"25";"doomsday";"";""
"10";"door";"";""
"0";"doors";"";""
"0";"dost";"";""
"12";"dotes";"";""
"0";"doth";"";""
"0";"double";"";""
"12";"doublet";"";""
"0";"doubt";"";""
"12";"doubtful";"";""
"25";"doubts";"";""
"12";"dove";"";""
"15";"dozen";"";""
"25";"dozy";"";""
"25";"dragged";"";""
"25";"drains";"";""
"5";"dram";"";""
"25";"draughts";"";""
"0";"draw";"";""
"15";"draws";"";""
"26";"dread";"";""
"25";"dreaded";"";""
"0";"dreadful";"";""
"25";"dreadfully";"";""
"21";"dream";"";""
"12";"dreams";"";""
"12";"dreamt";"";""
"38";"drift";"";""
"0";"drink";"";""
"0";"drinks";"";""
"25";"drive";"";""
"12";"driven";"";""
"5";"drop";"";""
"25";"dropping";"";""
"25";"droppings";"";""
"5";"drops";"";""
"25";"drossy";"";""
"63";"drown";"";""
"25";"drowned";"";""
"51";"drowns";"";""
"5";"drugs";"";""
"12";"drum";"";""
"5";"drunk";"";""
"12";"drunkards";"";""
"15";"dry";"";""
"51";"ducats";"";""
"12";"dug";"";""
"0";"dull";"";""
"25";"duller";"";""
"25";"dulls";"";""
"102";"dumb";"";""
"25";"dupped";"";""
"15";"dust";"";""
"5";"duties";"";""
"52";"duty";"";""
"25";"dwelling";"";""
"25";"dye";"";""
"25";"dying";"";""
"51";"eager";"";""
"0";"ear";"";""
"5";"earnest";"";""
"26";"ears";"";""
"0";"earth";"";""
"25";"earthly";"";""
"10";"ease";"";""
"25";"easier";"";""
"12";"easily";"";""
"25";"easiness";"";""
"5";"east";"";""
"25";"eastward";"";""
"12";"easy";"";""
"21";"eat";"";""
"5";"eats";"";""
"76";"ecstasy";"";""
"51";"edge";"";""
"12";"edified";"";""
"25";"edited";"";""
"12";"effects";"";""
"12";"elder";"";""
"12";"eldest";"";""
"38";"election";"";""
"25";"eloquent";"";""
"25";"embrace";"";""
"25";"embracing";"";""
"25";"emperor";"";""
"51";"empire";"";""
"12";"employ";"";""
"12";"employment";"";""
"25";"emulate";"";""
"25";"enact";"";""
"25";"enactures";"";""
"25";"encompassment";"";""
"25";"encorpsed";"";""
"12";"encounter";"";""
"25";"encumbered";"";""
"25";"endeavor";"";""
"5";"ends";"";""
"25";"endued";"";""
"0";"endure";"";""
"0";"enemy";"";""
"25";"enginer";"";""
"204";"england";"";""
"25";"english";"";""
"25";"enlarged";"";""
"12";"enmity";"";""
"25";"enseamed";"";""
"42";"enter";"";""
"25";"enterprise";"";""
"25";"enterprises";"";""
"51";"entertainment";"";""
"12";"entrance";"";""
"0";"entreat";"";""
"12";"entreated";"";""
"25";"entreatments";"";""
"25";"envenom";"";""
"25";"envenomed";"";""
"12";"envious";"";""
"25";"enviously";"";""
"51";"envy";"";""
"51";"epitaph";"";""
"51";"equal";"";""
"25";"equivocation";"";""
"0";"ere";"";""
"12";"erring";"";""
"25";"errors";"";""
"25";"eruption";"";""
"10";"escape";"";""
"12";"especial";"";""
"25";"essentially";"";""
"25";"estate";"";""
"25";"esteemed";"";""
"25";"estimation";"";""
"10";"eternal";"";""
"25";"event";"";""
"12";"everlasting";"";""
"25";"evil";"";""
"12";"exact";"";""
"12";"examples";"";""
"12";"exceed";"";""
"51";"excellence";"";""
"0";"excellent";"";""
"25";"exception";"";""
"0";"exchange";"";""
"25";"excitements";"";""
"12";"exclaim";"";""
"25";"exercise";"";""
"25";"exhort";"";""
"10";"exit";"";""
"25";"exits";"";""
"12";"expectancy";"";""
"51";"expel";"";""
"12";"expend";"";""
"25";"exposing";"";""
"12";"expostulate";"";""
"38";"express";"";""
"25";"expressed";"";""
"25";"extant";"";""
"25";"extent";"";""
"25";"exterior";"";""
"25";"extinct";"";""
"25";"extorted";"";""
"12";"extravagant";"";""
"12";"extremity";"";""
"0";"eye";"";""
"25";"eyelids";"";""
"0";"eyes";"";""
"0";"face";"";""
"25";"faces";"";""
"25";"faction";"";""
"25";"faculties";"";""
"25";"faded";"";""
"25";"failed";"";""
"0";"fain";"";""
"0";"fair";"";""
"25";"fairy";"";""
"25";"faithful";"";""
"0";"fall";"";""
"51";"falling";"";""
"0";"falls";"";""
"31";"false";"";""
"25";"falsehood";"";""
"12";"falsely";"";""
"25";"fame";"";""
"25";"famous";"";""
"12";"fancy";"";""
"25";"fanned";"";""
"25";"fantastic";"";""
"51";"fantasy";"";""
"25";"fardels";"";""
"76";"fare";"";""
"10";"fares";"";""
"0";"farewell";"";""
"51";"farm";"";""
"31";"fashion";"";""
"10";"fast";"";""
"153";"fat";"";""
"5";"fate";"";""
"51";"fates";"";""
"0";"father";"";""
"25";"fathoms";"";""
"25";"fatness";"";""
"25";"fatted";"";""
"0";"fault";"";""
"10";"faults";"";""
"76";"favor";"";""
"25";"favorite";"";""
"25";"fdt";"";""
"0";"fear";"";""
"51";"feared";"";""
"0";"fearful";"";""
"25";"fearing";"";""
"10";"fears";"";""
"25";"feast";"";""
"25";"feathers";"";""
"25";"fed";"";""
"5";"fee";"";""
"63";"feed";"";""
"12";"feeds";"";""
"0";"feel";"";""
"10";"feeling";"";""
"25";"feelingly";"";""
"12";"feels";"";""
"25";"felicity";"";""
"42";"fell";"";""
"25";"fellies";"";""
"37";"fellow";"";""
"0";"fellows";"";""
"12";"fellowship";"";""
"12";"female";"";""
"25";"fennel";"";""
"0";"fetch";"";""
"25";"fetters";"";""
"15";"fie";"";""
"12";"field";"";""
"15";"fiery";"";""
"25";"fight";"";""
"25";"fighting";"";""
"15";"figure";"";""
"12";"filial";"";""
"25";"film";"";""
"10";"finding";"";""
"15";"finds";"";""
"0";"fine";"";""
"25";"fines";"";""
"5";"finger";"";""
"25";"fingered";"";""
"15";"fingers";"";""
"25";"fires";"";""
"12";"firm";"";""
"25";"fish";"";""
"0";"fit";"";""
"12";"fitness";"";""
"10";"fits";"";""
"25";"fitting";"";""
"38";"fixed";"";""
"25";"flagon";"";""
"25";"flagons";"";""
"51";"flame";"";""
"25";"flames";"";""
"25";"flaming";"";""
"25";"flash";"";""
"12";"flashes";"";""
"25";"flat";"";""
"25";"flats";"";""
"5";"flattering";"";""
"25";"flaxen";"";""
"21";"flesh";"";""
"25";"flights";"";""
"76";"flourish";"";""
"25";"flush";"";""
"25";"flushing";"";""
"0";"fly";"";""
"12";"foe";"";""
"25";"foil";"";""
"51";"foils";"";""
"25";"folded";"";""
"25";"folger";"";""
"25";"folk";"";""
"0";"follow";"";""
"5";"folly";"";""
"0";"fond";"";""
"0";"food";"";""
"0";"fool";"";""
"0";"foolish";"";""
"0";"fools";"";""
"0";"forbear";"";""
"0";"forbid";"";""
"10";"force";"";""
"25";"forced";"";""
"25";"forcing";"";""
"25";"fordo";"";""
"12";"fordoes";"";""
"10";"forehead";"";""
"0";"foreign";"";""
"25";"foreknowing";"";""
"25";"foresaid";"";""
"25";"forest";"";""
"25";"forestall";"";""
"25";"forestalled";"";""
"51";"forged";"";""
"25";"forgeries";"";""
"25";"forgery";"";""
"0";"forget";"";""
"12";"forgetting";"";""
"0";"forgive";"";""
"25";"forgiveness";"";""
"25";"forgone";"";""
"10";"forgot";"";""
"25";"forgotten";"";""
"0";"form";"";""
"25";"formal";"";""
"12";"forms";"";""
"25";"forthwith";"";""
"25";"fortified";"";""
"280";"fortinbras";"";""
"25";"forts";"";""
"0";"fortune";"";""
"0";"fortunes";"";""
"12";"fought";"";""
"0";"foul";"";""
"25";"frame";"";""
"25";"france";"";""
"229";"francisco";"";""
"25";"frankly";"";""
"0";"free";"";""
"38";"freely";"";""
"25";"freeze";"";""
"21";"french";"";""
"25";"frenchman";"";""
"12";"fret";"";""
"25";"fretted";"";""
"0";"friend";"";""
"25";"friending";"";""
"42";"friends";"";""
"25";"frighted";"";""
"25";"frock";"";""
"12";"frost";"";""
"25";"frowned";"";""
"10";"fruit";"";""
"12";"fruitful";"";""
"12";"fruits";"";""
"25";"function";"";""
"25";"functions";"";""
"76";"funeral";"";""
"5";"furnish";"";""
"25";"fust";"";""
"25";"gaged";"";""
"51";"gain";"";""
"25";"gaingiving";"";""
"25";"gait";"";""
"10";"gall";"";""
"12";"gallant";"";""
"51";"galled";"";""
"76";"gallows";"";""
"51";"galls";"";""
"25";"gambol";"";""
"12";"gape";"";""
"10";"garden";"";""
"25";"garland";"";""
"25";"garlands";"";""
"25";"gates";"";""
"38";"gather";"";""
"25";"gem";"";""
"12";"gender";"";""
"0";"general";"";""
"25";"generous";"";""
"0";"gentle";"";""
"0";"gentleman";"";""
"21";"gentlemen";"";""
"25";"gentry";"";""
"25";"germane";"";""
"51";"gertrude";"";""
"25";"gestures";"";""
"191";"ghost";"";""
"25";"gibber";"";""
"25";"gibes";"";""
"25";"gifts";"";""
"12";"gilded";"";""
"12";"girl";"";""
"25";"gis";"";""
"25";"givers";"";""
"0";"glad";"";""
"25";"glass";"";""
"25";"glassy";"";""
"25";"glimpses";"";""
"25";"glow";"";""
"25";"glowworm";"";""
"25";"goblin";"";""
"25";"goblins";"";""
"84";"god";"";""
"25";"godlike";"";""
"25";"gods";"";""
"15";"golden";"";""
"25";"gonzago";"";""
"0";"good";"";""
"15";"goodly";"";""
"5";"goodman";"";""
"5";"goodness";"";""
"25";"goodwill";"";""
"12";"goose";"";""
"12";"gorge";"";""
"12";"govern";"";""
"0";"grace";"";""
"12";"graces";"";""
"0";"gracious";"";""
"25";"grained";"";""
"25";"grand";"";""
"5";"grandsire";"";""
"0";"grant";"";""
"51";"grapple";"";""
"25";"grass";"";""
"25";"grating";"";""
"0";"grave";"";""
"918";"gravedigger";"";""
"51";"graves";"";""
"12";"gray";"";""
"0";"great";"";""
"12";"greatly";"";""
"25";"greatness";"";""
"0";"green";"";""
"25";"greenly";"";""
"5";"greet";"";""
"12";"greeting";"";""
"5";"grew";"";""
"0";"grief";"";""
"5";"griefs";"";""
"5";"grieve";"";""
"25";"grieved";"";""
"25";"grinding";"";""
"12";"groaning";"";""
"25";"groped";"";""
"0";"gross";"";""
"12";"grosser";"";""
"21";"ground";"";""
"12";"grounds";"";""
"0";"grow";"";""
"25";"growing";"";""
"21";"grown";"";""
"0";"grows";"";""
"25";"grunt";"";""
"10";"guard";"";""
"51";"guest";"";""
"1046";"guildenstern";"";""
"51";"guilt";"";""
"12";"guiltless";"";""
"21";"guilty";"";""
"25";"gulf";"";""
"51";"guts";"";""
"25";"gyves";"";""
"51";"habit";"";""
"12";"habits";"";""
"0";"hadst";"";""
"12";"hail";"";""
"5";"hair";"";""
"25";"hallowed";"";""
"25";"halt";"";""
"9876";"hamlet";"";""
"25";"hammers";"";""
"0";"hand";"";""
"0";"hands";"";""
"12";"handsome";"";""
"0";"hang";"";""
"5";"hap";"";""
"15";"haply";"";""
"5";"happily";"";""
"5";"happiness";"";""
"0";"happy";"";""
"25";"harbingers";"";""
"0";"hard";"";""
"25";"hardy";"";""
"5";"hark";"";""
"25";"harlot";"";""
"25";"harping";"";""
"25";"harrow";"";""
"25";"harrows";"";""
"25";"harsh";"";""
"25";"harshly";"";""
"25";"hart";"";""
"0";"hast";"";""
"47";"haste";"";""
"5";"hasten";"";""
"5";"hasty";"";""
"51";"hat";"";""
"25";"hatch";"";""
"25";"hatchment";"";""
"0";"hate";"";""
"0";"hath";"";""
"5";"haunt";"";""
"25";"havior";"";""
"25";"hawk";"";""
"12";"hazard";"";""
"0";"head";"";""
"26";"health";"";""
"12";"healthful";"";""
"0";"hear";"";""
"0";"heard";"";""
"25";"hearers";"";""
"21";"hearing";"";""
"15";"hears";"";""
"25";"hearsed";"";""
"0";"heart";"";""
"25";"heartache";"";""
"12";"heartily";"";""
"10";"hearts";"";""
"0";"heat";"";""
"25";"heated";"";""
"0";"heaven";"";""
"0";"heavenly";"";""
"0";"heavens";"";""
"25";"heaves";"";""
"25";"heavily";"";""
"0";"heavy";"";""
"25";"hebona";"";""
"25";"hectic";"";""
"25";"hecuba";"";""
"25";"hedge";"";""
"10";"heed";"";""
"25";"heedful";"";""
"12";"heel";"";""
"38";"heels";"";""
"0";"heir";"";""
"0";"held";"";""
"21";"hell";"";""
"12";"hellish";"";""
"25";"helpful";"";""
"10";"helps";"";""
"0";"herald";"";""
"12";"heraldry";"";""
"25";"herb";"";""
"25";"hercules";"";""
"25";"heroes";"";""
"51";"hey";"";""
"25";"heyday";"";""
"25";"hic";"";""
"0";"hide";"";""
"0";"hideous";"";""
"25";"hides";"";""
"25";"hies";"";""
"0";"high";"";""
"25";"higher";"";""
"25";"highest";"";""
"12";"hill";"";""
"25";"hinges";"";""
"5";"hire";"";""
"15";"hit";"";""
"25";"hitherto";"";""
"25";"hits";"";""
"12";"hoar";"";""
"25";"hoist";"";""
"0";"hold";"";""
"5";"holding";"";""
"15";"holds";"";""
"25";"hole";"";""
"0";"hollow";"";""
"0";"holy";"";""
"25";"homage";"";""
"0";"honest";"";""
"0";"honesty";"";""
"12";"honey";"";""
"25";"honeying";"";""
"127";"honor";"";""
"25";"honorable";"";""
"102";"honored";"";""
"25";"hoops";"";""
"0";"hope";"";""
"25";"hoped";"";""
"3011";"horatio";"";""
"0";"horrible";"";""
"25";"horrid";"";""
"51";"horridly";"";""
"25";"horse";"";""
"5";"horses";"";""
"25";"host";"";""
"0";"hot";"";""
"0";"hour";"";""
"12";"hourly";"";""
"0";"hours";"";""
"0";"house";"";""
"12";"houses";"";""
"25";"hover";"";""
"25";"howsomever";"";""
"25";"hue";"";""
"0";"huge";"";""
"5";"humanity";"";""
"12";"humble";"";""
"21";"humbly";"";""
"12";"humorous";"";""
"25";"hung";"";""
"25";"hunts";"";""
"0";"hurt";"";""
"5";"hurts";"";""
"0";"husband";"";""
"25";"hush";"";""
"25";"hymen";"";""
"25";"hyperion";"";""
"25";"hyrcanian";"";""
"0";"idle";"";""
"12";"ignorance";"";""
"10";"ignorant";"";""
"0";"ill";"";""
"12";"ills";"";""
"25";"illume";"";""
"38";"image";"";""
"76";"imagination";"";""
"12";"imaginations";"";""
"25";"imitated";"";""
"12";"imminent";"";""
"5";"immortal";"";""
"102";"impart";"";""
"25";"impartment";"";""
"25";"impasted";"";""
"12";"imperfections";"";""
"25";"imperial";"";""
"12";"imperious";"";""
"25";"impious";"";""
"25";"impiteous";"";""
"25";"implements";"";""
"25";"implorators";"";""
"38";"importing";"";""
"21";"imports";"";""
"25";"importuned";"";""
"25";"impostume";"";""
"25";"impotence";"";""
"12";"impotent";"";""
"25";"impress";"";""
"12";"imputation";"";""
"25";"incapable";"";""
"25";"incensed";"";""
"51";"incestuous";"";""
"5";"inch";"";""
"51";"inclination";"";""
"25";"incorporal";"";""
"25";"incorrect";"";""
"12";"increase";"";""
"25";"indict";"";""
"76";"indifferent";"";""
"25";"indifferently";"";""
"25";"indirections";"";""
"12";"indiscretion";"";""
"25";"inexplicable";"";""
"25";"infallibly";"";""
"25";"infants";"";""
"12";"infect";"";""
"25";"infects";"";""
"102";"infinite";"";""
"25";"influence";"";""
"10";"inform";"";""
"25";"infusion";"";""
"12";"ingenious";"";""
"25";"inheritance";"";""
"25";"inheritor";"";""
"25";"inhibition";"";""
"25";"inky";"";""
"25";"inmost";"";""
"12";"innocent";"";""
"25";"inoculate";"";""
"25";"inquire";"";""
"25";"insert";"";""
"25";"insinuation";"";""
"25";"insolence";"";""
"25";"instance";"";""
"25";"instances";"";""
"0";"instant";"";""
"12";"instantly";"";""
"12";"instructs";"";""
"25";"instrument";"";""
"25";"instrumental";"";""
"0";"intend";"";""
"12";"intent";"";""
"12";"intents";"";""
"25";"inter";"";""
"25";"interpret";"";""
"25";"intruding";"";""
"25";"inventorially";"";""
"25";"investments";"";""
"25";"invests";"";""
"12";"invisible";"";""
"12";"invite";"";""
"0";"issue";"";""
"25";"jade";"";""
"12";"jaws";"";""
"12";"jealousy";"";""
"25";"jelly";"";""
"51";"jig";"";""
"12";"jocund";"";""
"25";"join";"";""
"5";"joint";"";""
"12";"jointly";"";""
"25";"jointress";"";""
"12";"jot";"";""
"25";"journeymen";"";""
"25";"journeys";"";""
"25";"jove";"";""
"25";"jowls";"";""
"0";"joy";"";""
"25";"joyfully";"";""
"5";"joys";"";""
"15";"judge";"";""
"21";"judgment";"";""
"51";"judgments";"";""
"12";"judicious";"";""
"25";"juggled";"";""
"25";"juice";"";""
"25";"jul";"";""
"51";"julius";"";""
"25";"jump";"";""
"0";"justly";"";""
"51";"kettle";"";""
"25";"kettledrum";"";""
"12";"key";"";""
"25";"kick";"";""
"0";"kill";"";""
"127";"killed";"";""
"38";"kills";"";""
"5";"kin";"";""
"0";"kind";"";""
"25";"kindless";"";""
"789";"king";"";""
"25";"kingdom";"";""
"25";"kingly";"";""
"12";"kings";"";""
"12";"kissed";"";""
"15";"kisses";"";""
"25";"kissing";"";""
"25";"kites";"";""
"0";"knave";"";""
"5";"knaves";"";""
"51";"knavish";"";""
"12";"knee";"";""
"25";"kneels";"";""
"5";"knees";"";""
"26";"knew";"";""
"12";"knife";"";""
"12";"knight";"";""
"5";"knock";"";""
"25";"knocked";"";""
"25";"knocking";"";""
"25";"knotted";"";""
"10";"knowest";"";""
"10";"knowing";"";""
"5";"knowledge";"";""
"25";"labor";"";""
"25";"labored";"";""
"25";"laborer";"";""
"25";"laborsome";"";""
"26";"lack";"";""
"25";"lacked";"";""
"5";"lacks";"";""
"5";"ladies";"";""
"0";"lady";"";""
"25";"ladyship";"";""
"1735";"laertes";"";""
"0";"laid";"";""
"51";"lands";"";""
"25";"lank";"";""
"25";"lapsed";"";""
"25";"lapwing";"";""
"51";"larded";"";""
"5";"large";"";""
"12";"larger";"";""
"5";"lash";"";""
"12";"lasting";"";""
"25";"lasts";"";""
"0";"late";"";""
"0";"laugh";"";""
"0";"law";"";""
"5";"lawful";"";""
"51";"lawless";"";""
"0";"lay";"";""
"25";"laying";"";""
"0";"lead";"";""
"5";"leads";"";""
"12";"lean";"";""
"12";"leans";"";""
"25";"leaping";"";""
"0";"learn";"";""
"0";"leave";"";""
"21";"leaves";"";""
"25";"lecture";"";""
"5";"led";"";""
"0";"left";"";""
"10";"leisure";"";""
"0";"lend";"";""
"25";"lender";"";""
"12";"lends";"";""
"25";"length";"";""
"12";"lenten";"";""
"25";"leprous";"";""
"5";"lesser";"";""
"25";"lesson";"";""
"25";"lethe";"";""
"0";"letter";"";""
"0";"letters";"";""
"25";"level";"";""
"12";"levied";"";""
"25";"lewdness";"";""
"25";"liberal";"";""
"10";"liberty";"";""
"25";"library";"";""
"25";"license";"";""
"12";"lick";"";""
"25";"lids";"";""
"0";"lie";"";""
"25";"lief";"";""
"25";"liege";"";""
"25";"liegemen";"";""
"25";"lien";"";""
"0";"lies";"";""
"25";"liest";"";""
"0";"life";"";""
"25";"lifted";"";""
"12";"lifts";"";""
"0";"light";"";""
"25";"lightest";"";""
"0";"lights";"";""
"25";"likelihood";"";""
"15";"likes";"";""
"25";"limbs";"";""
"25";"limed";"";""
"25";"lines";"";""
"5";"lips";"";""
"5";"liquid";"";""
"12";"liquor";"";""
"15";"list";"";""
"25";"littlest";"";""
"0";"live";"";""
"25";"lived";"";""
"38";"livery";"";""
"0";"lives";"";""
"10";"living";"";""
"25";"load";"";""
"25";"loam";"";""
"25";"loan";"";""
"12";"loathsome";"";""
"51";"lock";"";""
"12";"locks";"";""
"12";"lodge";"";""
"25";"lodged";"";""
"25";"lofty";"";""
"25";"loggets";"";""
"12";"loins";"";""
"0";"long";"";""
"25";"longed";"";""
"0";"longer";"";""
"51";"looked";"";""
"12";"loose";"";""
"25";"loosed";"";""
"0";"lord";"";""
"38";"lords";"";""
"102";"lordship";"";""
"0";"lose";"";""
"5";"loses";"";""
"25";"losing";"";""
"5";"loss";"";""
"0";"lost";"";""
"10";"loud";"";""
"25";"loudly";"";""
"0";"love";"";""
"76";"loved";"";""
"12";"lover";"";""
"0";"loves";"";""
"0";"loving";"";""
"12";"lowest";"";""
"51";"lucianus";"";""
"25";"lug";"";""
"25";"lungs";"";""
"5";"lust";"";""
"25";"luxury";"";""
"12";"machine";"";""
"0";"mad";"";""
"63";"madness";"";""
"25";"maggots";"";""
"12";"magic";"";""
"0";"maid";"";""
"10";"maiden";"";""
"12";"maids";"";""
"25";"maimed";"";""
"15";"main";"";""
"12";"maintains";"";""
"25";"majestical";"";""
"51";"majesties";"";""
"140";"majesty";"";""
"0";"making";"";""
"10";"malicious";"";""
"0";"man";"";""
"5";"manner";"";""
"5";"mantle";"";""
"12";"marble";"";""
"816";"marcellus";"";""
"15";"march";"";""
"12";"margent";"";""
"0";"mark";"";""
"12";"market";"";""
"15";"marriage";"";""
"15";"married";"";""
"25";"marrow";"";""
"0";"marry";"";""
"5";"marshal";"";""
"25";"mart";"";""
"12";"martial";"";""
"12";"marvel";"";""
"51";"marvelous";"";""
"10";"mass";"";""
"25";"massy";"";""
"12";"masterly";"";""
"5";"masters";"";""
"0";"match";"";""
"25";"matin";"";""
"0";"matter";"";""
"12";"matters";"";""
"5";"mayst";"";""
"25";"mazard";"";""
"10";"meant";"";""
"25";"meats";"";""
"25";"meditation";"";""
"25";"meed";"";""
"0";"meet";"";""
"5";"meeting";"";""
"12";"melancholy";"";""
"25";"mellow";"";""
"25";"melodious";"";""
"12";"melt";"";""
"89";"memory";"";""
"0";"men";"";""
"0";"mend";"";""
"25";"mercury";"";""
"0";"mercy";"";""
"15";"mere";"";""
"0";"merit";"";""
"25";"merriment";"";""
"12";"message";"";""
"26";"messenger";"";""
"5";"messengers";"";""
"0";"met";"";""
"12";"metal";"";""
"25";"metals";"";""
"0";"methinks";"";""
"25";"method";"";""
"51";"methought";"";""
"12";"mettle";"";""
"12";"michael";"";""
"25";"miching";"";""
"25";"middle";"";""
"25";"midnight";"";""
"25";"mightiest";"";""
"5";"mighty";"";""
"25";"milch";"";""
"25";"mildewed";"";""
"12";"milky";"";""
"12";"millions";"";""
"25";"mincing";"";""
"0";"mind";"";""
"12";"minds";"";""
"25";"mineral";"";""
"12";"mines";"";""
"25";"mining";"";""
"25";"ministers";"";""
"12";"minutes";"";""
"25";"miraculous";"";""
"25";"mirror";"";""
"25";"mirth";"";""
"25";"mischance";"";""
"12";"mistook";"";""
"0";"mistress";"";""
"12";"mixture";"";""
"51";"mobled";"";""
"21";"mock";"";""
"25";"model";"";""
"25";"moderate";"";""
"25";"modesties";"";""
"76";"modesty";"";""
"25";"moiety";"";""
"25";"moist";"";""
"25";"mold";"";""
"25";"mole";"";""
"25";"molt";"";""
"10";"moment";"";""
"25";"monarchs";"";""
"25";"monday";"";""
"10";"money";"";""
"12";"monsters";"";""
"5";"monstrous";"";""
"12";"month";"";""
"76";"months";"";""
"5";"mood";"";""
"0";"moon";"";""
"12";"moons";"";""
"25";"morn";"";""
"21";"morning";"";""
"26";"mortal";"";""
"25";"mortised";"";""
"25";"mote";"";""
"0";"mother";"";""
"0";"motion";"";""
"25";"motions";"";""
"51";"motive";"";""
"25";"mount";"";""
"38";"mountain";"";""
"12";"mountains";"";""
"25";"mountebank";"";""
"12";"mourn";"";""
"25";"mourned";"";""
"12";"mourning";"";""
"25";"mouse";"";""
"0";"mouth";"";""
"10";"mouths";"";""
"5";"moves";"";""
"12";"moving";"";""
"25";"mowat";"";""
"25";"muddy";"";""
"37";"murder";"";""
"25";"murderer";"";""
"0";"music";"";""
"25";"musicked";"";""
"25";"mute";"";""
"25";"mutes";"";""
"25";"mutine";"";""
"25";"mutines";"";""
"0";"naked";"";""
"12";"narrow";"";""
"25";"nasty";"";""
"51";"nation";"";""
"21";"native";"";""
"0";"natural";"";""
"0";"nature";"";""
"25";"nave";"";""
"25";"nearer";"";""
"5";"necessaries";"";""
"10";"neck";"";""
"0";"needful";"";""
"25";"neglected";"";""
"25";"neighbor";"";""
"25";"neighbored";"";""
"25";"nemean";"";""
"25";"nephew";"";""
"12";"nero";"";""
"12";"neutral";"";""
"25";"newborn";"";""
"5";"newly";"";""
"0";"news";"";""
"12";"nickname";"";""
"25";"niggard";"";""
"0";"night";"";""
"12";"nighted";"";""
"5";"nightly";"";""
"15";"nights";"";""
"25";"niles";"";""
"25";"nill";"";""
"25";"nipping";"";""
"12";"nobility";"";""
"0";"noble";"";""
"25";"nobler";"";""
"25";"noblest";"";""
"25";"nods";"";""
"0";"noise";"";""
"25";"nomination";"";""
"25";"norman";"";""
"102";"norway";"";""
"0";"nose";"";""
"0";"note";"";""
"25";"nowadays";"";""
"12";"numbers";"";""
"25";"nutshell";"";""
"21";"obey";"";""
"12";"object";"";""
"51";"obligation";"";""
"25";"oblivion";"";""
"12";"obscure";"";""
"12";"obsequies";"";""
"12";"obsequious";"";""
"25";"observant";"";""
"12";"observation";"";""
"38";"observe";"";""
"25";"observed";"";""
"25";"obstinate";"";""
"15";"occasion";"";""
"25";"occasions";"";""
"25";"occulted";"";""
"10";"odd";"";""
"12";"odds";"";""
"5";"offend";"";""
"12";"offends";"";""
"51";"offense";"";""
"25";"offenses";"";""
"10";"offer";"";""
"25";"offered";"";""
"15";"officers";"";""
"0";"oft";"";""
"25";"omen";"";""
"25";"ominous";"";""
"0";"ope";"";""
"25";"oped";"";""
"0";"open";"";""
"25";"operant";"";""
"1582";"ophelia";"";""
"5";"opinion";"";""
"25";"opinions";"";""
"25";"opposed";"";""
"10";"opposition";"";""
"12";"oppressed";"";""
"5";"oppression";"";""
"25";"orb";"";""
"25";"orbed";"";""
"10";"order";"";""
"25";"orderly";"";""
"51";"ordnance";"";""
"25";"ore";"";""
"12";"origin";"";""
"12";"orisons";"";""
"689";"osric";"";""
"25";"ossa";"";""
"51";"ourself";"";""
"25";"outbreak";"";""
"12";"outface";"";""
"12";"outlive";"";""
"25";"outlives";"";""
"25";"outrageous";"";""
"25";"outstretched";"";""
"5";"outward";"";""
"25";"overcame";"";""
"25";"overcome";"";""
"25";"overdone";"";""
"25";"overlooked";"";""
"25";"overpeering";"";""
"25";"owl";"";""
"25";"owner";"";""
"25";"pace";"";""
"25";"paddling";"";""
"25";"paid";"";""
"0";"pain";"";""
"25";"paint";"";""
"25";"painted";"";""
"25";"painting";"";""
"25";"paintings";"";""
"25";"pair";"";""
"31";"pale";"";""
"25";"pales";"";""
"10";"palm";"";""
"25";"palmy";"";""
"12";"palpable";"";""
"25";"panders";"";""
"25";"pangs";"";""
"25";"paragon";"";""
"25";"parching";"";""
"25";"parchment";"";""
"0";"pardon";"";""
"51";"pardoned";"";""
"15";"parts";"";""
"5";"party";"";""
"0";"pass";"";""
"25";"passages";"";""
"51";"passes";"";""
"15";"passing";"";""
"0";"passion";"";""
"51";"passionate";"";""
"25";"passions";"";""
"25";"pastors";"";""
"51";"patch";"";""
"51";"pate";"";""
"12";"path";"";""
"0";"patience";"";""
"0";"patient";"";""
"25";"paul";"";""
"25";"pause";"";""
"15";"pay";"";""
"25";"pays";"";""
"0";"peace";"";""
"25";"peak";"";""
"25";"peal";"";""
"25";"pearl";"";""
"25";"peasant";"";""
"25";"pebbles";"";""
"12";"peculiar";"";""
"25";"peep";"";""
"5";"peevish";"";""
"25";"pelion";"";""
"25";"pendant";"";""
"25";"penetrable";"";""
"0";"people";"";""
"12";"perceived";"";""
"0";"perchance";"";""
"12";"perdition";"";""
"5";"perfect";"";""
"51";"performed";"";""
"51";"perfume";"";""
"12";"perilous";"";""
"0";"pernicious";"";""
"12";"persever";"";""
"10";"person";"";""
"5";"personal";"";""
"5";"persons";"";""
"5";"persuade";"";""
"25";"perturbed";"";""
"25";"perusal";"";""
"5";"peruse";"";""
"25";"pester";"";""
"5";"pestilence";"";""
"0";"pestilent";"";""
"25";"petty";"";""
"12";"philosophy";"";""
"26";"phrase";"";""
"12";"physic";"";""
"25";"pickax";"";""
"51";"picked";"";""
"25";"pickers";"";""
"25";"picks";"";""
"25";"picture";"";""
"12";"pictures";"";""
"0";"piece";"";""
"12";"pieces";"";""
"25";"pile";"";""
"25";"pinch";"";""
"76";"pious";"";""
"25";"pipe";"";""
"25";"pirate";"";""
"51";"pit";"";""
"12";"pitch";"";""
"15";"piteous";"";""
"51";"pith";"";""
"5";"pitiful";"";""
"0";"pity";"";""
"0";"place";"";""
"12";"places";"";""
"0";"plague";"";""
"5";"plain";"";""
"25";"planets";"";""
"25";"platform";"";""
"25";"plausive";"";""
"25";"plautus";"";""
"0";"play";"";""
"76";"played";"";""
"586";"player";"";""
"178";"players";"";""
"12";"playing";"";""
"12";"plays";"";""
"5";"pleasant";"";""
"25";"pleased";"";""
"25";"pleasing";"";""
"0";"pleasure";"";""
"12";"pleasures";"";""
"25";"plentiful";"";""
"12";"plot";"";""
"51";"plots";"";""
"15";"pluck";"";""
"0";"plucks";"";""
"25";"plunge";"";""
"12";"ply";"";""
"25";"pocky";"";""
"25";"poem";"";""
"25";"poet";"";""
"0";"point";"";""
"25";"points";"";""
"0";"poison";"";""
"25";"poisoned";"";""
"51";"poisoner";"";""
"5";"poisons";"";""
"51";"polack";"";""
"25";"polacks";"";""
"51";"pole";"";""
"5";"policy";"";""
"5";"politic";"";""
"25";"politician";"";""
"2194";"polonius";"";""
"25";"pomp";"";""
"25";"ponderous";"";""
"0";"poor";"";""
"25";"popped";"";""
"25";"porches";"";""
"12";"portentous";"";""
"25";"portraiture";"";""
"25";"positively";"";""
"25";"possess";"";""
"25";"possessed";"";""
"12";"possession";"";""
"25";"posset";"";""
"5";"post";"";""
"25";"posthaste";"";""
"25";"poston";"";""
"25";"postscript";"";""
"25";"posy";"";""
"25";"potent";"";""
"25";"potently";"";""
"5";"pour";"";""
"25";"poured";"";""
"25";"pours";"";""
"0";"power";"";""
"25";"powerfully";"";""
"25";"powers";"";""
"15";"practice";"";""
"5";"practices";"";""
"25";"praise";"";""
"51";"praised";"";""
"12";"praises";"";""
"12";"pranks";"";""
"25";"prate";"";""
"12";"prating";"";""
"0";"pray";"";""
"10";"prayer";"";""
"12";"prayers";"";""
"25";"preaching";"";""
"25";"precedent";"";""
"25";"preceding";"";""
"25";"precepts";"";""
"0";"precious";"";""
"25";"precisely";"";""
"25";"precurse";"";""
"10";"pregnant";"";""
"25";"prenominate";"";""
"5";"preparation";"";""
"10";"prepare";"";""
"5";"prepared";"";""
"25";"prescripts";"";""
"10";"presence";"";""
"0";"presently";"";""
"25";"presentment";"";""
"25";"pressures";"";""
"10";"pretty";"";""
"5";"prevent";"";""
"5";"prey";"";""
"51";"priam";"";""
"12";"prick";"";""
"25";"pricked";"";""
"25";"primal";"";""
"25";"primrose";"";""
"25";"primy";"";""
"10";"prince";"";""
"25";"princes";"";""
"38";"prison";"";""
"5";"prisoner";"";""
"25";"prithee";"";""
"5";"private";"";""
"25";"privates";"";""
"25";"privy";"";""
"12";"prize";"";""
"5";"proceed";"";""
"25";"proceeded";"";""
"12";"proceeding";"";""
"25";"process";"";""
"10";"proclaim";"";""
"25";"proclaimed";"";""
"51";"proclaims";"";""
"51";"prodigal";"";""
"5";"profane";"";""
"25";"profit";"";""
"51";"profound";"";""
"25";"profoundest";"";""
"25";"progress";"";""
"12";"project";"";""
"26";"prologue";"";""
"25";"prolongs";"";""
"5";"promise";"";""
"51";"promised";"";""
"25";"prompted";"";""
"25";"pronounced";"";""
"25";"pronouncing";"";""
"0";"proof";"";""
"10";"proper";"";""
"21";"property";"";""
"25";"prophesy";"";""
"12";"prophetic";"";""
"25";"proportions";"";""
"12";"propose";"";""
"25";"proposer";"";""
"25";"props";"";""
"25";"prosperously";"";""
"5";"protest";"";""
"25";"protestation";"";""
"0";"prove";"";""
"51";"proved";"";""
"25";"proverb";"";""
"51";"providence";"";""
"25";"provincial";"";""
"0";"provoke";"";""
"5";"public";"";""
"51";"puffed";"";""
"25";"pulled";"";""
"12";"pulls";"";""
"12";"pulse";"";""
"12";"punish";"";""
"25";"punished";"";""
"25";"puppets";"";""
"0";"pure";"";""
"25";"purer";"";""
"25";"purgation";"";""
"25";"purged";"";""
"51";"purging";"";""
"25";"purport";"";""
"0";"purpose";"";""
"25";"purposed";"";""
"5";"purposes";"";""
"10";"purse";"";""
"25";"pursue";"";""
"25";"pursued";"";""
"25";"pursues";"";""
"25";"pursy";"";""
"26";"puts";"";""
"25";"puzzles";"";""
"102";"pyrrhus";"";""
"25";"quaintly";"";""
"25";"quake";"";""
"25";"qualifies";"";""
"15";"quality";"";""
"76";"quantity";"";""
"0";"quarrel";"";""
"25";"quarry";"";""
"503";"queen";"";""
"0";"question";"";""
"25";"questionable";"";""
"31";"quick";"";""
"25";"quicksilver";"";""
"25";"quiddities";"";""
"21";"quiet";"";""
"25";"quietly";"";""
"25";"quietus";"";""
"51";"quills";"";""
"25";"quintessence";"";""
"10";"quit";"";""
"12";"quoth";"";""
"12";"rabble";"";""
"12";"rack";"";""
"12";"radiant";"";""
"0";"rage";"";""
"12";"rain";"";""
"25";"rained";"";""
"12";"raised";"";""
"0";"rank";"";""
"25";"ranker";"";""
"25";"rankly";"";""
"25";"rant";"";""
"0";"rapier";"";""
"51";"rapiers";"";""
"25";"rareness";"";""
"5";"rash";"";""
"25";"rashness";"";""
"12";"rate";"";""
"25";"ratified";"";""
"25";"ratifiers";"";""
"25";"ravel";"";""
"12";"raven";"";""
"25";"raves";"";""
"25";"raw";"";""
"25";"rawer";"";""
"25";"razed";"";""
"25";"reaches";"";""
"0";"read";"";""
"25";"readiness";"";""
"25";"reading";"";""
"12";"reads";"";""
"5";"ready";"";""
"12";"realm";"";""
"25";"rear";"";""
"0";"reason";"";""
"12";"reasons";"";""
"25";"rebecca";"";""
"25";"rebellion";"";""
"25";"rebellious";"";""
"25";"rebuke";"";""
"0";"receive";"";""
"15";"received";"";""
"25";"receives";"";""
"25";"reckless";"";""
"25";"reckon";"";""
"25";"recks";"";""
"25";"reconcilement";"";""
"25";"recorder";"";""
"25";"recount";"";""
"38";"recover";"";""
"25";"recovery";"";""
"12";"red";"";""
"25";"reechy";"";""
"25";"reform";"";""
"25";"reformed";"";""
"12";"refrain";"";""
"12";"regard";"";""
"0";"region";"";""
"25";"reigns";"";""
"25";"relative";"";""
"12";"relief";"";""
"51";"relieved";"";""
"12";"religion";"";""
"25";"religious";"";""
"10";"relish";"";""
"10";"remain";"";""
"12";"remainder";"";""
"25";"remains";"";""
"0";"remember";"";""
"25";"remembrance";"";""
"25";"remembrances";"";""
"25";"remorse";"";""
"25";"removed";"";""
"25";"rend";"";""
"25";"render";"";""
"10";"repair";"";""
"25";"repast";"";""
"25";"repel";"";""
"25";"repelled";"";""
"0";"repent";"";""
"25";"repentance";"";""
"25";"replication";"";""
"12";"replies";"";""
"26";"report";"";""
"5";"repose";"";""
"25";"repugnant";"";""
"5";"reputation";"";""
"25";"requiem";"";""
"25";"requite";"";""
"25";"resemble";"";""
"25";"resembles";"";""
"25";"reserve";"";""
"25";"reserved";"";""
"25";"resolutes";"";""
"12";"resolution";"";""
"12";"resolve";"";""
"25";"respeaking";"";""
"0";"respect";"";""
"5";"respects";"";""
"25";"responsive";"";""
"0";"rest";"";""
"25";"restore";"";""
"12";"rests";"";""
"5";"retain";"";""
"25";"retirement";"";""
"25";"retrograde";"";""
"0";"return";"";""
"12";"returned";"";""
"25";"returneth";"";""
"25";"reveal";"";""
"12";"revel";"";""
"26";"revenge";"";""
"25";"revenged";"";""
"12";"revenue";"";""
"5";"reverend";"";""
"25";"reverted";"";""
"25";"revisits";"";""
"25";"rewards";"";""
"331";"reynaldo";"";""
"25";"rhapsody";"";""
"51";"rhenish";"";""
"25";"ribbon";"";""
"0";"rich";"";""
"10";"richer";"";""
"12";"rightly";"";""
"25";"rights";"";""
"12";"riotous";"";""
"5";"ripe";"";""
"5";"rise";"";""
"12";"rises";"";""
"51";"rite";"";""
"12";"rivals";"";""
"25";"river";"";""
"25";"rivet";"";""
"25";"roar";"";""
"25";"roars";"";""
"25";"roasted";"";""
"25";"robin";"";""
"12";"rock";"";""
"51";"rogue";"";""
"25";"roles";"";""
"51";"roman";"";""
"5";"room";"";""
"25";"roots";"";""
"25";"roscius";"";""
"51";"rose";"";""
"1429";"rosencrantz";"";""
"12";"roses";"";""
"25";"rotten";"";""
"25";"roughly";"";""
"5";"rouse";"";""
"25";"row";"";""
"10";"royal";"";""
"12";"rub";"";""
"0";"rude";"";""
"51";"rue";"";""
"51";"rugged";"";""
"12";"ruled";"";""
"25";"rummage";"";""
"25";"running";"";""
"0";"runs";"";""
"25";"russet";"";""
"51";"sable";"";""
"25";"sables";"";""
"5";"sacred";"";""
"12";"sadly";"";""
"25";"safe";"";""
"12";"safely";"";""
"0";"safety";"";""
"51";"sailor";"";""
"25";"sailors";"";""
"0";"saint";"";""
"25";"sallets";"";""
"15";"salt";"";""
"25";"salvation";"";""
"25";"sanctified";"";""
"25";"sandal";"";""
"25";"sanity";"";""
"12";"sans";"";""
"10";"sat";"";""
"25";"sate";"";""
"25";"satirical";"";""
"5";"satisfied";"";""
"12";"savageness";"";""
"0";"save";"";""
"25";"saws";"";""
"25";"sayst";"";""
"25";"scale";"";""
"25";"scandal";"";""
"0";"scant";"";""
"25";"scanter";"";""
"0";"scarce";"";""
"25";"scarcely";"";""
"25";"scarfed";"";""
"25";"scatters";"";""
"0";"scene";"";""
"25";"scent";"";""
"5";"school";"";""
"25";"sconce";"";""
"10";"scope";"";""
"5";"scorn";"";""
"25";"scorns";"";""
"10";"scourge";"";""
"25";"scratched";"";""
"25";"screened";"";""
"25";"scripture";"";""
"25";"scruple";"";""
"25";"scuffling";"";""
"21";"sea";"";""
"25";"seafaring";"";""
"0";"seal";"";""
"102";"sealed";"";""
"12";"seals";"";""
"63";"season";"";""
"25";"seasoned";"";""
"12";"seasons";"";""
"25";"seat";"";""
"25";"seated";"";""
"51";"secrecy";"";""
"10";"secret";"";""
"25";"secrets";"";""
"10";"secure";"";""
"0";"seek";"";""
"5";"seeks";"";""
"0";"sees";"";""
"5";"seest";"";""
"25";"seized";"";""
"25";"select";"";""
"25";"semblable";"";""
"0";"send";"";""
"12";"sending";"";""
"51";"sends";"";""
"25";"seneca";"";""
"0";"sense";"";""
"25";"senseless";"";""
"25";"sensibly";"";""
"25";"sequel";"";""
"5";"sequent";"";""
"10";"serpent";"";""
"0";"servant";"";""
"0";"servants";"";""
"0";"serve";"";""
"25";"served";"";""
"10";"serves";"";""
"21";"service";"";""
"0";"set";"";""
"10";"sets";"";""
"25";"settled";"";""
"25";"sewing";"";""
"25";"sexton";"";""
"12";"shadow";"";""
"0";"shake";"";""
"0";"shakespeare";"";""
"25";"shaking";"";""
"0";"shalt";"";""
"0";"shame";"";""
"12";"shameful";"";""
"0";"shape";"";""
"76";"shapes";"";""
"25";"sharked";"";""
"5";"sharp";"";""
"25";"shatter";"";""
"25";"sheathes";"";""
"25";"sheen";"";""
"12";"sheep";"";""
"25";"sheeted";"";""
"25";"shelf";"";""
"25";"shell";"";""
"25";"shepherds";"";""
"5";"shift";"";""
"12";"ship";"";""
"25";"shipped";"";""
"25";"shocks";"";""
"5";"shoes";"";""
"5";"shook";"";""
"15";"short";"";""
"12";"shortens";"";""
"15";"shortly";"";""
"26";"shot";"";""
"25";"shoulder";"";""
"10";"shouldst";"";""
"25";"shove";"";""
"25";"shovel";"";""
"25";"shreds";"";""
"25";"shriving";"";""
"12";"shroud";"";""
"25";"shrouding";"";""
"12";"shrunk";"";""
"25";"shuffled";"";""
"0";"shut";"";""
"0";"sick";"";""
"25";"sicklied";"";""
"25";"sickly";"";""
"12";"sickness";"";""
"25";"sift";"";""
"25";"sigh";"";""
"0";"sight";"";""
"25";"signet";"";""
"25";"signify";"";""
"51";"silence";"";""
"0";"simple";"";""
"12";"simples";"";""
"0";"sin";"";""
"25";"sinews";"";""
"0";"sing";"";""
"25";"singeing";"";""
"25";"singeth";"";""
"10";"single";"";""
"12";"sings";"";""
"12";"sins";"";""
"25";"sister";"";""
"0";"sit";"";""
"21";"sith";"";""
"38";"sits";"";""
"5";"sitting";"";""
"25";"sixteen";"";""
"10";"skill";"";""
"12";"skin";"";""
"12";"skins";"";""
"25";"skirts";"";""
"102";"skull";"";""
"25";"skyish";"";""
"0";"slain";"";""
"12";"slander";"";""
"0";"slave";"";""
"12";"slay";"";""
"25";"sledded";"";""
"0";"sleep";"";""
"38";"sleeping";"";""
"0";"sleeps";"";""
"25";"slender";"";""
"25";"slight";"";""
"25";"slings";"";""
"25";"slips";"";""
"12";"sliver";"";""
"15";"slow";"";""
"0";"small";"";""
"25";"smart";"";""
"25";"smeared";"";""
"12";"smelling";"";""
"12";"smells";"";""
"12";"smelt";"";""
"0";"smile";"";""
"0";"smiles";"";""
"25";"smiling";"";""
"0";"smooth";"";""
"12";"smote";"";""
"25";"snatches";"";""
"12";"snuff";"";""
"25";"soaks";"";""
"25";"society";"";""
"15";"soft";"";""
"25";"softly";"";""
"51";"soil";"";""
"12";"soiled";"";""
"5";"sold";"";""
"12";"soldier";"";""
"51";"soldiers";"";""
"12";"sole";"";""
"15";"solemn";"";""
"25";"soles";"";""
"25";"solidity";"";""
"25";"somever";"";""
"0";"son";"";""
"25";"songs";"";""
"25";"sooner";"";""
"15";"sore";"";""
"0";"sorrow";"";""
"5";"sorrows";"";""
"38";"sort";"";""
"25";"sorts";"";""
"0";"soul";"";""
"12";"souls";"";""
"21";"sound";"";""
"51";"source";"";""
"15";"sovereign";"";""
"25";"sovereignty";"";""
"25";"spacious";"";""
"25";"spark";"";""
"0";"speak";"";""
"0";"speaks";"";""
"0";"special";"";""
"25";"spectators";"";""
"0";"speech";"";""
"12";"speeches";"";""
"0";"speed";"";""
"25";"speedier";"";""
"5";"speedy";"";""
"12";"spend";"";""
"25";"spendthrift";"";""
"25";"spills";"";""
"0";"spirit";"";""
"0";"spirits";"";""
"0";"spite";"";""
"25";"splenitive";"";""
"12";"split";"";""
"0";"spoke";"";""
"5";"spoken";"";""
"25";"spokes";"";""
"0";"sport";"";""
"25";"spots";"";""
"25";"spread";"";""
"12";"spreads";"";""
"25";"spring";"";""
"25";"springes";"";""
"25";"springs";"";""
"25";"sprinkle";"";""
"12";"sprung";"";""
"25";"spur";"";""
"51";"spurns";"";""
"25";"squeak";"";""
"25";"squeezing";"";""
"25";"staff";"";""
"25";"stage";"";""
"25";"stages";"";""
"25";"stairs";"";""
"25";"stalk";"";""
"25";"stalks";"";""
"10";"stamp";"";""
"0";"stand";"";""
"12";"standing";"";""
"0";"stands";"";""
"38";"star";"";""
"15";"stars";"";""
"51";"start";"";""
"12";"started";"";""
"25";"stately";"";""
"51";"station";"";""
"25";"statists";"";""
"25";"stature";"";""
"0";"stay";"";""
"76";"stayed";"";""
"5";"steal";"";""
"25";"stealing";"";""
"5";"steals";"";""
"5";"steel";"";""
"25";"steep";"";""
"15";"step";"";""
"12";"steps";"";""
"12";"sterile";"";""
"12";"stern";"";""
"12";"steward";"";""
"25";"stewed";"";""
"0";"stick";"";""
"12";"sticks";"";""
"25";"stiffly";"";""
"25";"sting";"";""
"0";"stir";"";""
"25";"stirred";"";""
"12";"stock";"";""
"25";"stockings";"";""
"38";"stole";"";""
"12";"stomach";"";""
"26";"stood";"";""
"25";"stooping";"";""
"25";"stoops";"";""
"25";"stopping";"";""
"0";"storm";"";""
"5";"story";"";""
"12";"stoup";"";""
"25";"stoups";"";""
"0";"strange";"";""
"0";"stranger";"";""
"12";"straw";"";""
"5";"strength";"";""
"25";"strengthen";"";""
"12";"strew";"";""
"25";"strewed";"";""
"51";"strict";"";""
"0";"strike";"";""
"5";"strikes";"";""
"25";"striking";"";""
"5";"strings";"";""
"0";"strong";"";""
"51";"stronger";"";""
"25";"strongest";"";""
"21";"struck";"";""
"12";"strucken";"";""
"25";"struggling";"";""
"25";"strumpet";"";""
"25";"strutted";"";""
"5";"stubborn";"";""
"12";"study";"";""
"10";"stuff";"";""
"12";"stung";"";""
"10";"subject";"";""
"25";"subscribed";"";""
"25";"substance";"";""
"25";"succession";"";""
"25";"successive";"";""
"25";"suchlike";"";""
"51";"sucked";"";""
"0";"sudden";"";""
"12";"suddenly";"";""
"0";"suffer";"";""
"25";"suffered";"";""
"25";"suffering";"";""
"38";"suffers";"";""
"12";"sugar";"";""
"0";"suit";"";""
"25";"suiting";"";""
"25";"suits";"";""
"25";"sullied";"";""
"25";"sullies";"";""
"25";"sultry";"";""
"12";"sum";"";""
"25";"summit";"";""
"0";"sun";"";""
"25";"sunday";"";""
"12";"superfluous";"";""
"0";"supper";"";""
"25";"suppliance";"";""
"5";"supply";"";""
"25";"supposal";"";""
"51";"suppress";"";""
"12";"surely";"";""
"12";"surrender";"";""
"25";"survivor";"";""
"25";"suspiration";"";""
"5";"sustain";"";""
"25";"swaddling";"";""
"0";"swear";"";""
"25";"sweat";"";""
"25";"sweaty";"";""
"51";"sweep";"";""
"0";"sweet";"";""
"25";"sweets";"";""
"0";"swift";"";""
"25";"swinish";"";""
"25";"swoons";"";""
"0";"sword";"";""
"12";"swore";"";""
"0";"sworn";"";""
"25";"synod";"";""
"38";"table";"";""
"12";"taint";"";""
"25";"taints";"";""
"42";"takes";"";""
"0";"tale";"";""
"0";"talk";"";""
"51";"talked";"";""
"12";"tame";"";""
"25";"tanned";"";""
"25";"tanner";"";""
"25";"tar";"";""
"25";"tardy";"";""
"5";"task";"";""
"0";"taste";"";""
"12";"tax";"";""
"25";"taxed";"";""
"0";"teach";"";""
"0";"tear";"";""
"0";"tears";"";""
"10";"tedious";"";""
"25";"tediousness";"";""
"51";"teeth";"";""
"5";"tells";"";""
"25";"temperance";"";""
"25";"temperately";"";""
"25";"tempered";"";""
"25";"temple";"";""
"0";"tempt";"";""
"25";"tenable";"";""
"15";"tender";"";""
"51";"tenders";"";""
"12";"tent";"";""
"10";"term";"";""
"15";"terms";"";""
"25";"tether";"";""
"25";"tetter";"";""
"25";"theater";"";""
"0";"thee";"";""
"25";"theme";"";""
"25";"thereabout";"";""
"25";"thereunto";"";""
"12";"therewith";"";""
"25";"thews";"";""
"25";"thicker";"";""
"25";"thieves";"";""
"0";"thine";"";""
"51";"thinking";"";""
"25";"thirties";"";""
"12";"thither";"";""
"25";"thorns";"";""
"25";"thorny";"";""
"0";"thought";"";""
"0";"thoughts";"";""
"25";"threaten";"";""
"25";"threats";"";""
"21";"thrice";"";""
"25";"thrift";"";""
"38";"throat";"";""
"5";"throne";"";""
"12";"throughly";"";""
"0";"throw";"";""
"5";"throwing";"";""
"0";"thrown";"";""
"12";"thrusting";"";""
"12";"thunder";"";""
"12";"thunders";"";""
"0";"thy";"";""
"0";"thyself";"";""
"12";"tickle";"";""
"25";"timbered";"";""
"0";"time";"";""
"31";"times";"";""
"25";"tithe";"";""
"12";"today";"";""
"12";"toe";"";""
"25";"toils";"";""
"0";"told";"";""
"25";"tomb";"";""
"76";"tomorrow";"";""
"0";"tongue";"";""
"0";"tongues";"";""
"76";"tonight";"";""
"25";"topped";"";""
"25";"tormenting";"";""
"25";"total";"";""
"0";"touch";"";""
"12";"touches";"";""
"15";"touching";"";""
"10";"toy";"";""
"12";"toys";"";""
"51";"trace";"";""
"10";"trade";"";""
"25";"traduced";"";""
"25";"tragedians";"";""
"51";"trail";"";""
"25";"trains";"";""
"12";"traitorous";"";""
"5";"transform";"";""
"25";"translate";"";""
"25";"transports";"";""
"25";"trappings";"";""
"25";"travel";"";""
"25";"traveler";"";""
"0";"treacherous";"";""
"5";"tread";"";""
"25";"treads";"";""
"15";"treason";"";""
"51";"treasure";"";""
"51";"treble";"";""
"5";"tree";"";""
"0";"tremble";"";""
"0";"trespass";"";""
"12";"trial";"";""
"25";"tribute";"";""
"0";"trick";"";""
"25";"tricked";"";""
"25";"tricks";"";""
"5";"trifle";"";""
"12";"trifling";"";""
"25";"trip";"";""
"25";"trippingly";"";""
"12";"triumph";"";""
"25";"trophies";"";""
"0";"trouble";"";""
"51";"troubles";"";""
"25";"truant";"";""
"0";"true";"";""
"21";"trumpet";"";""
"38";"trumpets";"";""
"0";"trust";"";""
"25";"truster";"";""
"0";"truth";"";""
"25";"tugging";"";""
"25";"tumbled";"";""
"12";"tune";"";""
"25";"turbulent";"";""
"12";"turk";"";""
"0";"turn";"";""
"38";"turned";"";""
"25";"turneth";"";""
"10";"turns";"";""
"25";"tweaks";"";""
"25";"twentieth";"";""
"25";"twofold";"";""
"25";"tyrannically";"";""
"0";"tyrannous";"";""
"12";"tyrant";"";""
"12";"ugly";"";""
"25";"ulcerous";"";""
"25";"unbated";"";""
"25";"uncharge";"";""
"51";"uncle";"";""
"51";"unction";"";""
"25";"uncurrent";"";""
"37";"understand";"";""
"76";"understanding";"";""
"10";"undertake";"";""
"25";"undertakings";"";""
"25";"undiscovered";"";""
"5";"undo";"";""
"25";"uneffectual";"";""
"25";"unequal";"";""
"25";"unfledged";"";""
"0";"unfold";"";""
"12";"unforced";"";""
"25";"ungalled";"";""
"12";"ungracious";"";""
"25";"unhand";"";""
"25";"unholy";"";""
"25";"unimproved";"";""
"51";"union";"";""
"25";"unite";"";""
"25";"unkennel";"";""
"25";"unknowing";"";""
"5";"unknown";"";""
"25";"unmanly";"";""
"25";"unmask";"";""
"25";"unmastered";"";""
"25";"unmatched";"";""
"25";"unmixed";"";""
"0";"unnatural";"";""
"25";"unnerved";"";""
"25";"unpack";"";""
"25";"unpeg";"";""
"25";"unpolluted";"";""
"25";"unpregnant";"";""
"25";"unprevailing";"";""
"25";"unprofitable";"";""
"25";"unproportioned";"";""
"25";"unreclaimed";"";""
"25";"unrighteous";"";""
"12";"unsanctified";"";""
"25";"unseen";"";""
"25";"unshaken";"";""
"25";"unshaped";"";""
"25";"unsifted";"";""
"25";"unskillful";"";""
"25";"unsmirched";"";""
"12";"unsure";"";""
"5";"untimely";"";""
"25";"unvalued";"";""
"25";"unwatched";"";""
"25";"unweeded";"";""
"25";"unwholesome";"";""
"12";"unworthiest";"";""
"10";"unworthy";"";""
"25";"uphoarded";"";""
"25";"upspring";"";""
"25";"usual";"";""
"25";"usurp";"";""
"5";"utter";"";""
"25";"vacancy";"";""
"25";"vailed";"";""
"0";"vain";"";""
"25";"valanced";"";""
"0";"valiant";"";""
"25";"vanished";"";""
"12";"vantage";"";""
"51";"variable";"";""
"25";"varnish";"";""
"5";"vengeance";"";""
"25";"venom";"";""
"25";"venomed";"";""
"25";"ventages";"";""
"25";"verity";"";""
"25";"verse";"";""
"12";"version";"";""
"25";"vial";"";""
"15";"vice";"";""
"5";"vicious";"";""
"5";"view";"";""
"25";"vigor";"";""
"0";"vile";"";""
"0";"villain";"";""
"5";"villainous";"";""
"10";"violence";"";""
"0";"violent";"";""
"25";"violet";"";""
"25";"violets";"";""
"25";"virgin";"";""
"0";"virtue";"";""
"10";"virtues";"";""
"15";"visage";"";""
"25";"vision";"";""
"63";"visit";"";""
"51";"visitation";"";""
"0";"voice";"";""
"102";"voltemand";"";""
"12";"volume";"";""
"12";"vouch";"";""
"25";"vouchers";"";""
"38";"vouchsafe";"";""
"10";"vow";"";""
"10";"vows";"";""
"25";"vulgar";"";""
"25";"wag";"";""
"51";"wager";"";""
"25";"wagered";"";""
"25";"wait";"";""
"25";"waits";"";""
"0";"wake";"";""
"0";"walk";"";""
"12";"walked";"";""
"10";"walks";"";""
"12";"wall";"";""
"0";"wanton";"";""
"25";"wantonness";"";""
"5";"war";"";""
"63";"warlike";"";""
"25";"warms";"";""
"0";"warrant";"";""
"12";"wary";"";""
"10";"wash";"";""
"10";"waste";"";""
"37";"watch";"";""
"25";"watchman";"";""
"0";"water";"";""
"76";"waves";"";""
"25";"waving";"";""
"25";"wax";"";""
"12";"waxes";"";""
"5";"ways";"";""
"0";"weak";"";""
"12";"weaker";"";""
"12";"weakest";"";""
"12";"weakness";"";""
"12";"weal";"";""
"12";"wealth";"";""
"0";"wear";"";""
"12";"wearing";"";""
"10";"wears";"";""
"0";"weary";"";""
"12";"weed";"";""
"15";"weeds";"";""
"25";"weedy";"";""
"0";"weep";"";""
"12";"weeping";"";""
"5";"weeps";"";""
"51";"weigh";"";""
"25";"weighing";"";""
"12";"weight";"";""
"25";"werstine";"";""
"12";"west";"";""
"12";"westward";"";""
"25";"whatsomever";"";""
"25";"wheaten";"";""
"25";"wheel";"";""
"0";"wherefore";"";""
"10";"whereof";"";""
"26";"whereon";"";""
"0";"whereto";"";""
"25";"whet";"";""
"25";"whiff";"";""
"0";"whiles";"";""
"25";"whipped";"";""
"51";"whips";"";""
"25";"whirling";"";""
"25";"whirlwind";"";""
"51";"whisper";"";""
"25";"whispers";"";""
"0";"white";"";""
"31";"wholesome";"";""
"25";"whored";"";""
"25";"whoreson";"";""
"25";"wick";"";""
"0";"wicked";"";""
"10";"wide";"";""
"5";"widow";"";""
"0";"wife";"";""
"0";"wild";"";""
"51";"wildly";"";""
"25";"willfully";"";""
"0";"william";"";""
"25";"willingly";"";""
"12";"willow";"";""
"5";"wills";"";""
"0";"wilt";"";""
"10";"win";"";""
"0";"wind";"";""
"25";"windlasses";"";""
"15";"winds";"";""
"25";"windy";"";""
"5";"wine";"";""
"12";"wing";"";""
"12";"wings";"";""
"25";"winks";"";""
"25";"winner";"";""
"25";"winnowed";"";""
"10";"wipe";"";""
"0";"wisdom";"";""
"0";"wise";"";""
"12";"wisely";"";""
"38";"wisest";"";""
"12";"wishes";"";""
"0";"wit";"";""
"25";"witch";"";""
"25";"witchcraft";"";""
"25";"witching";"";""
"5";"withdraw";"";""
"25";"withdrew";"";""
"25";"withered";"";""
"25";"withers";"";""
"10";"witness";"";""
"0";"wits";"";""
"0";"woe";"";""
"0";"woman";"";""
"0";"womb";"";""
"0";"women";"";""
"25";"wonderful";"";""
"15";"wondrous";"";""
"15";"wont";"";""
"51";"wonted";"";""
"5";"woo";"";""
"25";"wood";"";""
"25";"woodcock";"";""
"25";"woos";"";""
"0";"word";"";""
"12";"wore";"";""
"0";"work";"";""
"5";"working";"";""
"25";"worlds";"";""
"10";"worm";"";""
"5";"worms";"";""
"0";"worse";"";""
"0";"worser";"";""
"5";"worth";"";""
"0";"worthy";"";""
"12";"wot";"";""
"0";"wouldst";"";""
"12";"wounded";"";""
"25";"woundless";"";""
"10";"wounds";"";""
"25";"wrack";"";""
"12";"wrap";"";""
"25";"wrath";"";""
"0";"wretch";"";""
"0";"wretched";"";""
"5";"wring";"";""
"25";"wringing";"";""
"25";"wrist";"";""
"26";"writ";"";""
"0";"write";"";""
"25";"writers";"";""
"12";"written";"";""
"0";"wrong";"";""
"25";"wronged";"";""
"12";"wrote";"";""
"25";"wrung";"";""
"12";"yard";"";""
"25";"yaw";"";""
"12";"yawn";"";""
"0";"year";"";""
"0";"years";"";""
"25";"yeasty";"";""
"10";"yield";"";""
"12";"yielding";"";""
"12";"yon";"";""
"0";"yond";"";""
"25";"yonder";"";""
"0";"young";"";""
"5";"younger";"";""
"52";"youth";"";""
